{"cameraMode":{"drawMode":0,"name":"Shaded","section":"Shading Mode"},"sceneLighting":false,"audioPlay":false,"sceneViewState":{"m_AlwaysRefresh":false,"showFog":true,"showSkybox":false,"showFlares":true,"showImageEffects":true,"showParticleSystems":true,"showVisualEffectGraphs":true,"m_FxEnabled":true},"in2DMode":false,"pivot":{"x":-0.46122002601623537,"y":2.300328016281128,"z":-0.08152556419372559},"rotation":{"x":0.01786123402416706,"y":0.9168701767921448,"z":-0.041287075728178027,"w":0.39664459228515627},"size":2.378814935684204,"orthographic":false}